Chromosome;Position;rsIDs;Reference;Alternate;Source;Filters - exomes;Filters - genomes;Transcript;HGVS Consequence;Protein Consequence;Transcript Consequence;VEP Annotation;ClinVar Clinical Significance;ClinVar Variation ID;Flags;Allele Count;Allele Number;Allele Frequency;Homozygote Count;Hemizygote Count;Allele Count African/African American;Allele Number African/African American;Homozygote Count African/African American;Hemizygote Count African/African American;Allele Count Latino/Admixed American;Allele Number Latino/Admixed American;Homozygote Count Latino/Admixed American;Hemizygote Count Latino/Admixed American;Allele Count Ashkenazi Jewish;Allele Number Ashkenazi Jewish;Homozygote Count Ashkenazi Jewish;Hemizygote Count Ashkenazi Jewish;Allele Count East Asian;Allele Number East Asian;Homozygote Count East Asian;Hemizygote Count East Asian;Allele Count European (Finnish);Allele Number European (Finnish);Homozygote Count European (Finnish);Hemizygote Count European (Finnish);Allele Count European (non-Finnish);Allele Number European (non-Finnish);Homozygote Count European (non-Finnish);Hemizygote Count European (non-Finnish);Allele Count Other;Allele Number Other;Homozygote Count Other;Hemizygote Count Other;Allele Count South Asian;Allele Number South Asian;Homozygote Count South Asian;Hemizygote Count South Asian
2;152214185;rs78598479;T;A;gnomAD Exomes,gnomAD Genomes;PASS;PASS;ENST00000243347.3;p.Ile2Asn;p.Ile2Asn;c.5T>A;missense_variant;;;;864;282552;0.0030578442198250233;15;0;821;24960;15;0;36;35414;0;0;0;10368;0;0;0;19952;0;0;0;25024;0;0;3;129014;0;0;4;7210;0;0;0;30610;0;0
2;152214186;rs144488091;C;G;gnomAD Exomes;PASS;NA;ENST00000243347.3;p.Ile2Met;p.Ile2Met;c.6C>G;missense_variant;;;;2;251126;0.00000796412956045969;0;0;0;16248;0;0;0;34572;0;0;0;10078;0;0;0;18388;0;0;0;21540;0;0;1;113568;0;0;0;6124;0;0;1;30608;0;0
2;152214192;rs1309741565;A;C;gnomAD Exomes;PASS;NA;ENST00000243347.3;p.Leu4Phe;p.Leu4Phe;c.12A>C;missense_variant;;;;1;251196;0.000003980955110750171;0;0;0;16250;0;0;0;34574;0;0;0;10078;0;0;0;18394;0;0;0;21560;0;0;0;113604;0;0;0;6126;0;0;1;30610;0;0
2;152214205;rs1227801594;C;A;gnomAD Exomes;PASS;NA;ENST00000243347.3;p.Leu9Ile;p.Leu9Ile;c.25C>A;missense_variant;;;;1;251226;0.000003980479727416748;0;0;0;16248;0;0;1;34576;0;0;0;10078;0;0;0;18394;0;0;0;21572;0;0;0;113620;0;0;0;6128;0;0;0;30610;0;0
2;152214210;rs762941271;G;T;gnomAD Exomes;PASS;NA;ENST00000243347.3;p.Leu10Phe;p.Leu10Phe;c.30G>T;missense_variant;;;;1;251250;0.000003980099502487562;0;0;1;16250;0;0;0;34578;0;0;0;10078;0;0;0;18394;0;0;0;21584;0;0;0;113628;0;0;0;6128;0;0;0;30610;0;0
2;152214211;rs766282193;C;G;gnomAD Exomes;PASS;NA;ENST00000243347.3;p.Leu11Val;p.Leu11Val;c.31C>G;missense_variant;;;;7;251252;0.00002786047474248961;0;0;0;16250;0;0;0;34578;0;0;0;10078;0;0;0;18394;0;0;0;21586;0;0;7;113626;0;0;0;6128;0;0;0;30612;0;0
2;152214217;rs1255173921;G;A;gnomAD Exomes;PASS;NA;ENST00000243347.3;p.Glu13Lys;p.Glu13Lys;c.37G>A;missense_variant;;;;1;251290;0.0000039794659556687495;0;0;0;16252;0;0;0;34584;0;0;0;10078;0;0;0;18394;0;0;0;21604;0;0;1;113640;0;0;0;6126;0;0;0;30612;0;0
2;152214218;rs1482130755;A;G;gnomAD Exomes;PASS;NA;ENST00000243347.3;p.Glu13Gly;p.Glu13Gly;c.38A>G;missense_variant;;;;1;251312;0.000003979117590883046;0;0;0;16252;0;0;1;34584;0;0;0;10078;0;0;0;18394;0;0;0;21604;0;0;0;113660;0;0;0;6128;0;0;0;30612;0;0
2;152214241;rs1178900449;A;G;gnomAD Exomes;PASS;NA;ENST00000243347.3;p.Lys21Glu;p.Lys21Glu;c.61A>G;missense_variant;;;;1;251302;0.000003979275930951604;0;0;0;16252;0;0;0;34584;0;0;0;10078;0;0;0;18394;0;0;0;21586;0;0;1;113668;0;0;0;6128;0;0;0;30612;0;0
2;152214251;rs1471980059;T;C;gnomAD Exomes;PASS;NA;ENST00000243347.3;p.Ile24Thr;p.Ile24Thr;c.71T>C;missense_variant;;;;1;251254;0.00000398003613872814;0;0;0;16250;0;0;0;34584;0;0;0;10078;0;0;0;18392;0;0;0;21560;0;0;0;113656;0;0;0;6122;0;0;1;30612;0;0
2;152214258;rs1431045299;T;A;gnomAD Exomes;PASS;NA;ENST00000243347.3;p.His26Gln;p.His26Gln;c.78T>A;missense_variant;;;;1;251234;0.0000039803529777020624;0;0;0;16250;0;0;0;34584;0;0;0;10078;0;0;0;18392;0;0;0;21542;0;0;1;113656;0;0;0;6122;0;0;0;30610;0;0
2;152214262;rs774170435;T;C;gnomAD Exomes;PASS;NA;ENST00000243347.3;p.Ser28Pro;p.Ser28Pro;c.82T>C;missense_variant;;;;1;251220;0.000003980574795000398;0;0;0;16250;0;0;1;34578;0;0;0;10078;0;0;0;18392;0;0;0;21526;0;0;0;113662;0;0;0;6122;0;0;0;30612;0;0
2;152214265;rs759370266;A;G;gnomAD Exomes,gnomAD Genomes;PASS;PASS;ENST00000243347.3;p.Ile29Val;p.Ile29Val;c.85A>G;missense_variant;;;;2;282542;0.000007078593625018582;0;0;2;24960;0;0;0;35426;0;0;0;10366;0;0;0;19952;0;0;0;24938;0;0;0;129076;0;0;0;7212;0;0;0;30612;0;0
2;152214267;rs767120411;A;G;gnomAD Exomes;PASS;NA;ENST00000243347.3;p.Ile29Met;p.Ile29Met;c.87A>G;missense_variant;;;;1;251076;0.000003982857780114388;0;0;0;16248;0;0;0;34572;0;0;0;10078;0;0;0;18392;0;0;0;21414;0;0;1;113640;0;0;0;6120;0;0;0;30612;0;0
2;152220459;rs763712766;C;G;gnomAD Exomes;PASS;NA;ENST00000243347.3;p.Arg33Gly;p.Arg33Gly;c.97C>G;missense_variant;;;;1;247490;0.000004040567295648309;0;0;0;16172;0;0;0;33380;0;0;0;9792;0;0;0;17882;0;0;0;21610;0;0;1;112216;0;0;0;6022;0;0;0;30416;0;0
2;152220460;rs761269991;G;T;gnomAD Exomes;PASS;NA;ENST00000243347.3;p.Arg33Leu;p.Arg33Leu;c.98G>T;missense_variant;;;;3;248072;0.000012093263246154343;0;0;0;16192;0;0;0;33628;0;0;0;9844;0;0;3;17924;0;0;0;21610;0;0;0;112372;0;0;0;6030;0;0;0;30472;0;0
2;152220460;rs761269991;G;A;gnomAD Exomes;PASS;NA;ENST00000243347.3;p.Arg33Gln;p.Arg33Gln;c.98G>A;missense_variant;;;;1;248072;0.000004031087748718114;0;0;0;16192;0;0;0;33628;0;0;0;9844;0;0;1;17924;0;0;0;21610;0;0;0;112372;0;0;0;6030;0;0;0;30472;0;0
2;152220463;rs1298030316;C;A;gnomAD Exomes;PASS;NA;ENST00000243347.3;p.Ala34Glu;p.Ala34Glu;c.101C>A;missense_variant;;;;1;248266;0.00000402793777641723;0;0;0;16176;0;0;0;33694;0;0;0;9884;0;0;0;17972;0;0;0;21626;0;0;1;112434;0;0;0;6036;0;0;0;30444;0;0
2;152220468;rs750979012;G;T;gnomAD Exomes,gnomAD Genomes;PASS;PASS;ENST00000243347.3;p.Gly36Cys;p.Gly36Cys;c.106G>T;missense_variant;;;;3;280990;0.000010676536531549165;0;0;0;24926;0;0;0;35006;0;0;0;10258;0;0;0;19688;0;0;0;25106;0;0;3;128290;0;0;0;7158;0;0;0;30558;0;0
2;152220468;rs750979012;G;A;gnomAD Exomes;PASS;NA;ENST00000243347.3;p.Gly36Ser;p.Gly36Ser;c.106G>A;missense_variant;;;;1;249582;0.000004006699201064179;0;0;0;16208;0;0;1;34158;0;0;0;9968;0;0;0;18128;0;0;0;21632;0;0;0;112860;0;0;0;6070;0;0;0;30558;0;0
2;152220477;rs758767494;C;T;gnomAD Exomes;PASS;NA;ENST00000243347.3;p.His39Tyr;p.His39Tyr;c.115C>T;missense_variant;;;;1;250916;0.000003985397503547004;0;0;0;16240;0;0;0;34486;0;0;0;10050;0;0;0;18344;0;0;0;21644;0;0;1;113424;0;0;0;6122;0;0;0;30606;0;0
2;152220486;rs1308388959;G;C;gnomAD Genomes;NA;PASS;ENST00000243347.3;p.Ala42Pro;p.Ala42Pro;c.124G>C;missense_variant;;;;1;31412;0.00003183496752833312;0;0;1;8718;0;0;0;848;0;0;0;290;0;0;0;1560;0;0;0;3476;0;0;0;15432;0;0;0;1088;0;0;0;0;0;0
2;152220490;rs566948911;G;A;gnomAD Exomes,gnomAD Genomes;PASS;PASS;ENST00000243347.3;p.Arg43Gln;p.Arg43Gln;c.128G>A;missense_variant;;;;7;282598;0.0000247701682248282;0;0;6;24958;0;0;0;35400;0;0;0;10354;0;0;0;19934;0;0;0;25122;0;0;0;129016;0;0;1;7210;0;0;0;30604;0;0
2;152220502;rs1486636427;A;G;gnomAD Exomes;PASS;NA;ENST00000243347.3;p.Tyr47Cys;p.Tyr47Cys;c.140A>G;missense_variant;;;;1;251326;0.000003978895935955691;0;0;0;16254;0;0;0;34570;0;0;0;10074;0;0;0;18386;0;0;0;21648;0;0;0;113648;0;0;1;6132;0;0;0;30614;0;0
2;152220505;rs1190964425;A;G;gnomAD Exomes;PASS;NA;ENST00000243347.3;p.Lys48Arg;p.Lys48Arg;c.143A>G;missense_variant;;;;1;251334;0.000003978769287084119;0;0;0;16250;0;0;0;34570;0;0;0;10076;0;0;0;18386;0;0;1;21648;0;0;0;113656;0;0;0;6132;0;0;0;30616;0;0
2;152220506;rs375585000;G;T;gnomAD Exomes;PASS;NA;ENST00000243347.3;p.Lys48Asn;p.Lys48Asn;c.144G>T;missense_variant;;;;1;251298;0.000003979339270507525;0;0;0;16246;0;0;0;34552;0;0;0;10076;0;0;0;18392;0;0;0;21648;0;0;1;113636;0;0;0;6132;0;0;0;30616;0;0
2;152220510;rs75961064;A;C;gnomAD Exomes;PASS;NA;ENST00000243347.3;p.Thr50Pro;p.Thr50Pro;c.148A>C;missense_variant;;;;1;251292;0.00000397943428362224;0;0;0;16248;0;0;0;34558;0;0;0;10068;0;0;0;18388;0;0;0;21644;0;0;1;113644;0;0;0;6128;0;0;0;30614;0;0
2;152220510;rs75961064;A;G;gnomAD Exomes,gnomAD Genomes;PASS;PASS;ENST00000243347.3;p.Thr50Ala;p.Thr50Ala;c.148A>G;missense_variant;;;;3666;282688;0.012968360878424269;46;0;63;24962;0;0;226;35406;0;0;694;10358;19;0;1;19948;0;0;339;25120;3;0;2130;129064;19;0;123;7216;3;0;90;30614;2;0
2;152220516;rs577924895;G;A;gnomAD Exomes;PASS;NA;ENST00000243347.3;p.Ala52Thr;p.Ala52Thr;c.154G>A;missense_variant;;;;4;251314;0.000015916343697525804;0;0;0;16242;0;0;0;34568;0;0;1;10078;0;0;1;18380;0;0;0;21648;0;0;2;113656;0;0;0;6128;0;0;0;30614;0;0
2;152220528;rs372855249;G;A;gnomAD Exomes;PASS;NA;ENST00000243347.3;p.Ala56Thr;p.Ala56Thr;c.166G>A;missense_variant;;;;1;251380;0.000003978041212506962;0;0;1;16256;0;0;0;34576;0;0;0;10076;0;0;0;18384;0;0;0;21648;0;0;0;113698;0;0;0;6130;0;0;0;30612;0;0
2;152220529;rs1321415465;C;T;gnomAD Exomes;PASS;NA;ENST00000243347.3;p.Ala56Val;p.Ala56Val;c.167C>T;missense_variant;;;;1;251338;0.000003978705965671725;0;0;0;16250;0;0;0;34564;0;0;0;10080;0;0;0;18384;0;0;0;21646;0;0;0;113672;0;0;0;6130;0;0;1;30612;0;0
2;152220549;rs760436617;G;A;gnomAD Exomes;PASS;NA;ENST00000243347.3;p.Gly63Ser;p.Gly63Ser;c.187G>A;missense_variant;;;;2;251264;0.000007959755476311768;0;0;0;16246;0;0;0;34550;0;0;0;10076;0;0;1;18364;0;0;0;21644;0;0;1;113642;0;0;0;6134;0;0;0;30608;0;0
2;152220553;rs1356961459;A;G;gnomAD Exomes;PASS;NA;ENST00000243347.3;p.His64Arg;p.His64Arg;c.191A>G;missense_variant;;;;1;251328;0.00000397886427298192;0;0;0;16252;0;0;0;34556;0;0;0;10076;0;0;0;18380;0;0;1;21648;0;0;0;113668;0;0;0;6134;0;0;0;30614;0;0
2;152220555;rs138376471;C;G;gnomAD Genomes;NA;PASS;ENST00000243347.3;p.Leu65Val;p.Leu65Val;c.193C>G;missense_variant;;;;2;31400;0.00006369426751592356;0;0;2;8710;0;0;0;848;0;0;0;290;0;0;0;1560;0;0;0;3474;0;0;0;15430;0;0;0;1088;0;0;0;0;0;0
2;152220558;rs768323812;G;A;gnomAD Exomes;PASS;NA;ENST00000243347.3;p.Ala66Thr;p.Ala66Thr;c.196G>A;missense_variant;;;;6;251112;0.000023893720730192107;0;0;2;16240;0;0;0;34550;0;0;0;10068;0;0;3;18360;0;0;0;21582;0;0;0;113578;0;0;0;6128;0;0;1;30606;0;0
2;152220562;rs776169770;C;T;gnomAD Exomes;PASS;NA;ENST00000243347.3;p.Thr67Ile;p.Thr67Ile;c.200C>T;missense_variant;;;;2;251316;0.000007958108516767735;0;0;0;16250;0;0;2;34574;0;0;0;10074;0;0;0;18374;0;0;0;21648;0;0;0;113658;0;0;0;6132;0;0;0;30606;0;0
2;152220562;rs776169770;C;G;gnomAD Exomes;PASS;NA;ENST00000243347.3;p.Thr67Ser;p.Thr67Ser;c.200C>G;missense_variant;;;;1;251316;0.000003979054258383867;0;0;0;16250;0;0;0;34574;0;0;0;10074;0;0;0;18374;0;0;0;21648;0;0;1;113658;0;0;0;6132;0;0;0;30606;0;0
2;152220564;rs150253672;T;C;gnomAD Exomes,gnomAD Genomes;PASS;PASS;ENST00000243347.3;p.Tyr68His;p.Tyr68His;c.202T>C;missense_variant;;;;139;282694;0.0004916977367754533;0;0;115;24960;0;0;16;35414;0;0;0;10368;0;0;0;19932;0;0;0;25122;0;0;0;129068;0;0;7;7220;0;0;1;30610;0;0
2;152220565;rs750019197;A;C;gnomAD Exomes;PASS;NA;ENST00000243347.3;p.Tyr68Ser;p.Tyr68Ser;c.203A>C;missense_variant;;;;1;251298;0.000003979339270507525;0;0;0;16250;0;0;0;34570;0;0;0;10076;0;0;0;18376;0;0;0;21648;0;0;0;113636;0;0;0;6132;0;0;1;30610;0;0
2;152220567;rs767039176;A;C;gnomAD Exomes;PASS;NA;ENST00000243347.3;p.Lys69Gln;p.Lys69Gln;c.205A>C;missense_variant;;;;3;251266;0.000011939538178663249;0;0;0;16252;0;0;3;34564;0;0;0;10076;0;0;0;18366;0;0;0;21648;0;0;0;113624;0;0;0;6130;0;0;0;30606;0;0
2;152220570;rs373889474;C;A;gnomAD Exomes;PASS;NA;ENST00000243347.3;p.Gln70Lys;p.Gln70Lys;c.208C>A;missense_variant;;;;9;250856;0.00003587715661574768;0;0;0;16250;0;0;7;34420;0;0;0;10064;0;0;0;18320;0;0;0;21648;0;0;2;113464;0;0;0;6112;0;0;0;30578;0;0
2;152220571;rs1473397404;A;G;gnomAD Exomes;PASS;NA;ENST00000243347.3;p.Gln70Arg;p.Gln70Arg;c.209A>G;missense_variant;;;;1;250720;0.00000398851308232291;0;0;0;16246;0;0;0;34356;0;0;0;10052;0;0;1;18308;0;0;0;21642;0;0;0;113438;0;0;0;6110;0;0;0;30568;0;0
2;152220579;rs1002258799;G;A;gnomAD Exomes;PASS;NA;ENST00000243347.3;p.Ala73Thr;p.Ala73Thr;c.217G>A;missense_variant;;;;1;248978;0.000004016419121368153;0;0;0;16210;0;0;0;33762;0;0;0;9966;0;0;0;18098;0;0;0;21624;0;0;1;112962;0;0;0;6054;0;0;0;30302;0;0
2;152222590;rs965594926;G;A;gnomAD Exomes,gnomAD Genomes;PASS;PASS;ENST00000243347.3;p.Gly85Arg;p.Gly85Arg;c.253G>A;missense_variant;;;;2;282806;0.000007071985742876742;0;0;2;24966;0;0;0;35438;0;0;0;10370;0;0;0;19954;0;0;0;25120;0;0;0;129124;0;0;0;7220;0;0;0;30614;0;0
2;152222597;rs149442878;T;C;gnomAD Exomes;PASS;NA;ENST00000243347.3;p.Met87Thr;p.Met87Thr;c.260T>C;missense_variant;;;;2;251414;0.000007955006483330284;0;0;0;16256;0;0;0;34586;0;0;0;10078;0;0;0;18394;0;0;0;21648;0;0;2;113704;0;0;0;6134;0;0;0;30614;0;0
2;152222599;rs766949017;G;A;gnomAD Exomes,gnomAD Genomes;PASS;PASS;ENST00000243347.3;p.Ala88Thr;p.Ala88Thr;c.262G>A;missense_variant;;;;25;282838;0.00008838982032117325;0;0;0;24970;0;0;0;35438;0;0;0;10370;0;0;25;19952;0;0;0;25118;0;0;0;129154;0;0;0;7222;0;0;0;30614;0;0
2;152222606;rs774746563;G;C;gnomAD Exomes;PASS;NA;ENST00000243347.3;p.Gly90Ala;p.Gly90Ala;c.269G>C;missense_variant;;;;2;251448;0.000007953930832617479;0;0;0;16256;0;0;0;34590;0;0;0;10080;0;0;2;18394;0;0;0;21646;0;0;0;113734;0;0;0;6132;0;0;0;30616;0;0
2;152222606;rs774746563;G;T;gnomAD Exomes;PASS;NA;ENST00000243347.3;p.Gly90Val;p.Gly90Val;c.269G>T;missense_variant;;;;1;251448;0.000003976965416308739;0;0;0;16256;0;0;0;34590;0;0;0;10080;0;0;1;18394;0;0;0;21646;0;0;0;113734;0;0;0;6132;0;0;0;30616;0;0
2;152222606;rs774746563;G;A;gnomAD Exomes;PASS;NA;ENST00000243347.3;p.Gly90Asp;p.Gly90Asp;c.269G>A;missense_variant;;;;1;251448;0.000003976965416308739;0;0;0;16256;0;0;0;34590;0;0;0;10080;0;0;0;18394;0;0;0;21646;0;0;0;113734;0;0;1;6132;0;0;0;30616;0;0
2;152222621;rs759889961;C;T;gnomAD Exomes;PASS;NA;ENST00000243347.3;p.Pro95Leu;p.Pro95Leu;c.284C>T;missense_variant;;;;1;251452;0.000003976902152299445;0;0;0;16256;0;0;0;34590;0;0;0;10080;0;0;0;18392;0;0;0;21648;0;0;0;113738;0;0;0;6132;0;0;1;30616;0;0
2;152222623;rs753174763;A;G;gnomAD Exomes;PASS;NA;ENST00000243347.3;p.Ile96Val;p.Ile96Val;c.286A>G;missense_variant;;;;2;251448;0.000007953930832617479;0;0;0;16256;0;0;0;34590;0;0;0;10080;0;0;0;18394;0;0;0;21648;0;0;0;113732;0;0;0;6132;0;0;2;30616;0;0
2;152222632;rs756279797;C;T;gnomAD Exomes;PASS;NA;ENST00000243347.3;p.Pro99Ser;p.Pro99Ser;c.295C>T;missense_variant;;;;1;251458;0.000003976807260059334;0;0;0;16256;0;0;0;34592;0;0;0;10080;0;0;0;18394;0;0;0;21648;0;0;0;113736;0;0;1;6136;0;0;0;30616;0;0
2;152222644;rs764349918;T;G;gnomAD Exomes;PASS;NA;ENST00000243347.3;p.Cys103Gly;p.Cys103Gly;c.307T>G;missense_variant;;;;5;251454;0.000019884352605247878;0;0;0;16256;0;0;0;34592;0;0;0;10080;0;0;0;18392;0;0;0;21648;0;0;5;113734;0;0;0;6136;0;0;0;30616;0;0
2;152222648;rs753884537;G;C;gnomAD Exomes;PASS;NA;ENST00000243347.3;p.Gly104Ala;p.Gly104Ala;c.311G>C;missense_variant;;;;1;251460;0.000003976775630318937;0;0;0;16256;0;0;0;34592;0;0;0;10080;0;0;1;18392;0;0;0;21648;0;0;0;113740;0;0;0;6136;0;0;0;30616;0;0
2;152222660;rs757358858;C;T;gnomAD Exomes;PASS;NA;ENST00000243347.3;p.Thr108Ile;p.Thr108Ile;c.323C>T;missense_variant;;;;2;251458;0.000007953614520118668;0;0;0;16256;0;0;0;34590;0;0;0;10078;0;0;0;18394;0;0;0;21648;0;0;2;113740;0;0;0;6136;0;0;0;30616;0;0
2;152222669;rs779908291;T;A;gnomAD Exomes;PASS;NA;ENST00000243347.3;p.Ile111Asn;p.Ile111Asn;c.332T>A;missense_variant;;;;1;251460;0.000003976775630318937;0;0;0;16256;0;0;0;34590;0;0;0;10080;0;0;0;18392;0;0;0;21648;0;0;0;113742;0;0;0;6136;0;0;1;30616;0;0
2;152222669;rs779908291;T;C;gnomAD Exomes;PASS;NA;ENST00000243347.3;p.Ile111Thr;p.Ile111Thr;c.332T>C;missense_variant;;;;1;251460;0.000003976775630318937;0;0;0;16256;0;0;1;34590;0;0;0;10080;0;0;0;18392;0;0;0;21648;0;0;0;113742;0;0;0;6136;0;0;0;30616;0;0
2;152222672;rs1277207727;A;T;gnomAD Exomes;PASS;NA;ENST00000243347.3;p.Asp112Val;p.Asp112Val;c.335A>T;missense_variant;;;;1;251460;0.000003976775630318937;0;0;0;16256;0;0;0;34590;0;0;0;10080;0;0;0;18394;0;0;0;21648;0;0;1;113742;0;0;0;6136;0;0;0;30614;0;0
2;152222675;rs772196769;A;T;gnomAD Exomes;PASS;NA;ENST00000243347.3;p.Tyr113Phe;p.Tyr113Phe;c.338A>T;missense_variant;;;;1;251460;0.000003976775630318937;0;0;0;16256;0;0;1;34590;0;0;0;10080;0;0;0;18394;0;0;0;21648;0;0;0;113742;0;0;0;6136;0;0;0;30614;0;0
2;152222683;rs373227124;C;T;gnomAD Exomes,gnomAD Genomes;PASS;PASS;ENST00000243347.3;p.Arg116Cys;p.Arg116Cys;c.346C>T;missense_variant;;;;13;282854;0.00004596010662744738;0;0;4;24966;0;0;0;35438;0;0;0;10370;0;0;0;19954;0;0;0;25122;0;0;3;129166;0;0;0;7222;0;0;6;30616;0;0
2;152222684;rs200351871;G;A;gnomAD Exomes,gnomAD Genomes;PASS;PASS;ENST00000243347.3;p.Arg116His;p.Arg116His;c.347G>A;missense_variant;;;;38;282832;0.000134355377043616;0;0;0;24968;0;0;3;35436;0;0;0;10368;0;0;4;19954;0;0;6;25124;0;0;22;129146;0;0;3;7222;0;0;0;30614;0;0
2;152222686;rs780835429;C;T;gnomAD Exomes;PASS;NA;ENST00000243347.3;p.Leu117Phe;p.Leu117Phe;c.349C>T;missense_variant;;;;2;251458;0.000007953614520118668;0;0;0;16256;0;0;2;34592;0;0;0;10080;0;0;0;18394;0;0;0;21648;0;0;0;113738;0;0;0;6136;0;0;0;30614;0;0
2;152222710;rs1273287962;G;A;gnomAD Genomes;NA;PASS;ENST00000243347.3;p.Ala125Thr;p.Ala125Thr;c.373G>A;missense_variant;;;;1;31400;0.00003184713375796178;0;0;0;8714;0;0;0;846;0;0;0;290;0;0;1;1560;0;0;0;3476;0;0;0;15426;0;0;0;1088;0;0;0;0;0;0
2;152222711;rs1378365946;C;T;gnomAD Exomes;PASS;NA;ENST00000243347.3;p.Ala125Val;p.Ala125Val;c.374C>T;missense_variant;;;;1;251306;0.000003979212593412016;0;0;0;16254;0;0;0;34584;0;0;0;10076;0;0;0;18390;0;0;0;21634;0;0;0;113634;0;0;0;6132;0;0;1;30602;0;0
2;152222713;rs1477613107;T;A;gnomAD Exomes;PASS;NA;ENST00000243347.3;p.Tyr126Asn;p.Tyr126Asn;c.376T>A;missense_variant;;;;1;251356;0.000003978421044255956;0;0;0;16254;0;0;1;34580;0;0;0;10078;0;0;0;18388;0;0;0;21636;0;0;0;113670;0;0;0;6134;0;0;0;30616;0;0
2;152222726;;C;T;gnomAD Exomes;PASS;NA;ENST00000243347.3;p.Pro130Leu;p.Pro130Leu;c.389C>T;missense_variant;;;;1;251062;0.000003983079876683847;0;0;0;16242;0;0;0;34544;0;0;0;10072;0;0;0;18386;0;0;0;21626;0;0;1;113466;0;0;0;6120;0;0;0;30606;0;0
2;152222728;rs748020930;C;G;gnomAD Exomes;PASS;NA;ENST00000243347.3;p.His131Asp;p.His131Asp;c.391C>G;missense_variant;;;;1;251012;0.000003983873280958679;0;0;0;16236;0;0;0;34538;0;0;0;10066;0;0;0;18388;0;0;0;21626;0;0;0;113440;0;0;0;6114;0;0;1;30604;0;0
2;152222728;rs748020930;C;T;gnomAD Exomes;PASS;NA;ENST00000243347.3;p.His131Tyr;p.His131Tyr;c.391C>T;missense_variant;;;;20;251012;0.00007967746561917359;0;0;0;16236;0;0;0;34538;0;0;0;10066;0;0;0;18388;0;0;0;21626;0;0;0;113440;0;0;1;6114;0;0;19;30604;0;0
2;152222731;rs79800957;G;A;gnomAD Exomes,gnomAD Genomes;PASS;PASS;ENST00000243347.3;p.Ala132Thr;p.Ala132Thr;c.394G>A;missense_variant;;;;798;282070;0.0028290849789059454;4;0;271;24866;3;0;127;35360;0;0;18;10348;0;0;2;19940;0;0;6;25100;0;0;351;128668;1;0;17;7190;0;0;6;30598;0;0
2;152226536;;A;G;gnomAD Exomes;PASS;NA;ENST00000243347.3;p.Lys133Glu;p.Lys133Glu;c.397A>G;missense_variant;;;;1;245260;0.000004077305716382614;0;0;1;16138;0;0;0;33120;0;0;0;9706;0;0;0;18092;0;0;0;21486;0;0;0;112050;0;0;0;5954;0;0;0;28714;0;0
2;152226541;rs144393744;G;C;gnomAD Exomes,gnomAD Genomes;PASS;PASS;ENST00000243347.3;p.Glu134Asp;p.Glu134Asp;c.402G>C;missense_variant;;;;28;281576;0.0000994402932068074;0;0;27;24940;0;0;0;35148;0;0;0;10312;0;0;0;19922;0;0;0;25056;0;0;0;128772;0;0;0;7188;0;0;1;30238;0;0
2;152226548;rs745433699;G;A;gnomAD Exomes,gnomAD Genomes;PASS;PASS;ENST00000243347.3;p.Gly137Ser;p.Gly137Ser;c.409G>A;missense_variant;;;;4;282254;0.00001417163264293863;0;0;0;24956;0;0;0;35304;0;0;0;10358;0;0;0;19948;0;0;0;25078;0;0;4;128938;0;0;0;7194;0;0;0;30478;0;0
2;152226551;rs564029423;G;A;gnomAD Exomes,gnomAD Genomes;PASS;PASS;ENST00000243347.3;p.Val138Ile;p.Val138Ile;c.412G>A;missense_variant;;;;11;282502;0.0000389377774316642;0;0;6;24958;0;0;2;35370;0;0;0;10360;0;0;0;19948;0;0;0;25070;0;0;3;129002;0;0;0;7212;0;0;0;30582;0;0
2;152226557;rs1208305017;A;T;gnomAD Exomes;PASS;NA;ENST00000243347.3;p.Thr140Ser;p.Thr140Ser;c.418A>T;missense_variant;;;;1;251234;0.0000039803529777020624;0;0;0;16250;0;0;0;34550;0;0;0;10074;0;0;0;18392;0;0;0;21616;0;0;1;113630;0;0;0;6120;0;0;0;30602;0;0
2;152226560;rs1250068848;G;A;gnomAD Exomes;PASS;NA;ENST00000243347.3;p.Asp141Asn;p.Asp141Asn;c.421G>A;missense_variant;;;;1;251280;0.000003979624323463865;0;0;0;16248;0;0;1;34572;0;0;0;10076;0;0;0;18392;0;0;0;21618;0;0;0;113632;0;0;0;6128;0;0;0;30614;0;0
2;152226566;rs899943634;A;C;gnomAD Exomes,gnomAD Genomes;PASS;PASS;ENST00000243347.3;p.Lys143Gln;p.Lys143Gln;c.427A>C;missense_variant;;;;5;282740;0.00001768409139138431;0;0;0;24954;0;0;5;35426;0;0;0;10366;0;0;0;19952;0;0;0;25108;0;0;0;129100;0;0;0;7218;0;0;0;30616;0;0
2;152226570;rs1046668;A;G;gnomAD Exomes,gnomAD Genomes;PASS;PASS;ENST00000243347.3;p.Gln144Arg;p.Gln144Arg;c.431A>G;missense_variant;;;;42836;282628;0.1515631855300961;3707;0;7351;24920;1116;0;3359;35420;187;0;1515;10366;106;0;3191;19942;264;0;4418;25092;397;0;18520;129060;1346;0;1095;7218;82;0;3387;30610;209;0
2;152226573;rs1425468247;T;G;gnomAD Exomes;PASS;NA;ENST00000243347.3;p.Ile145Ser;p.Ile145Ser;c.434T>G;missense_variant;;;;1;251342;0.000003978642646274797;0;0;0;16242;0;0;0;34580;0;0;0;10076;0;0;1;18394;0;0;0;21636;0;0;0;113672;0;0;0;6130;0;0;0;30612;0;0
2;152226576;rs777047478;T;A;gnomAD Exomes;PASS;NA;ENST00000243347.3;p.Phe146Tyr;p.Phe146Tyr;c.437T>A;missense_variant;;;;2;251352;0.00000795696871319902;0;0;0;16240;0;0;0;34582;0;0;0;10076;0;0;0;18394;0;0;0;21634;0;0;0;113680;0;0;0;6134;0;0;2;30612;0;0
2;152226584;rs750435263;C;T;gnomAD Exomes;PASS;NA;ENST00000243347.3;p.Pro149Ser;p.Pro149Ser;c.445C>T;missense_variant;;;;1;251366;0.00000397826277221263;0;0;0;16250;0;0;1;34586;0;0;0;10076;0;0;0;18394;0;0;0;21636;0;0;0;113676;0;0;0;6132;0;0;0;30616;0;0
2;152226587;rs1160947174;G;A;gnomAD Exomes;PASS;NA;ENST00000243347.3;p.Gly150Ser;p.Gly150Ser;c.448G>A;missense_variant;;;;1;251364;0.000003978294425613851;0;0;0;16256;0;0;0;34584;0;0;0;10078;0;0;1;18392;0;0;0;21636;0;0;0;113670;0;0;0;6132;0;0;0;30616;0;0
2;152226588;rs140516340;G;A;gnomAD Exomes;PASS;NA;ENST00000243347.3;p.Gly150Asp;p.Gly150Asp;c.449G>A;missense_variant;;;;2;251372;0.000007956335630062218;0;0;0;16256;0;0;0;34586;0;0;0;10078;0;0;0;18394;0;0;0;21634;0;0;2;113676;0;0;0;6132;0;0;0;30616;0;0
2;152226588;rs140516340;G;C;gnomAD Exomes;PASS;NA;ENST00000243347.3;p.Gly150Ala;p.Gly150Ala;c.449G>C;missense_variant;;;;1;251372;0.000003978167815031109;0;0;1;16256;0;0;0;34586;0;0;0;10078;0;0;0;18394;0;0;0;21634;0;0;0;113676;0;0;0;6132;0;0;0;30616;0;0
2;152226602;rs1320279312;T;C;gnomAD Exomes;PASS;NA;ENST00000243347.3;p.Tyr155His;p.Tyr155His;c.463T>C;missense_variant;;;;1;251398;0.000003977756386287878;0;0;0;16256;0;0;0;34592;0;0;0;10078;0;0;0;18392;0;0;0;21642;0;0;1;113690;0;0;0;6134;0;0;0;30614;0;0
2;152226605;rs777710715;G;A;gnomAD Exomes;PASS;NA;ENST00000243347.3;p.Glu156Lys;p.Glu156Lys;c.466G>A;missense_variant;;;;1;251394;0.000003977819677478381;0;0;1;16254;0;0;0;34592;0;0;0;10080;0;0;0;18394;0;0;0;21632;0;0;0;113690;0;0;0;6136;0;0;0;30616;0;0
2;152226608;rs1313995402;G;A;gnomAD Exomes;PASS;NA;ENST00000243347.3;p.Asp157Asn;p.Asp157Asn;c.469G>A;missense_variant;;;;1;251390;0.000003977882970683003;0;0;1;16256;0;0;0;34592;0;0;0;10080;0;0;0;18392;0;0;0;21634;0;0;0;113682;0;0;0;6138;0;0;0;30616;0;0
2;152226610;rs1339954648;T;A;gnomAD Exomes;PASS;NA;ENST00000243347.3;p.Asp157Glu;p.Asp157Glu;c.471T>A;missense_variant;;;;1;251408;0.000003977598167122764;0;0;0;16256;0;0;1;34592;0;0;0;10080;0;0;0;18394;0;0;0;21640;0;0;0;113692;0;0;0;6138;0;0;0;30616;0;0
2;152226628;rs1330074240;G;T;gnomAD Exomes;PASS;NA;ENST00000243347.3;p.Trp163Cys;p.Trp163Cys;c.489G>T;missense_variant;;;;1;251396;0.0000039777880316313705;0;0;0;16256;0;0;0;34592;0;0;0;10080;0;0;0;18394;0;0;0;21632;0;0;1;113690;0;0;0;6136;0;0;0;30616;0;0
2;152226651;rs370598436;A;T;gnomAD Exomes;PASS;NA;ENST00000243347.3;p.Gln171Leu;p.Gln171Leu;c.512A>T;missense_variant;;;;2;251366;0.00000795652554442526;0;0;0;16256;0;0;0;34592;0;0;1;10080;0;0;0;18392;0;0;0;21636;0;0;1;113658;0;0;0;6136;0;0;0;30616;0;0
2;152226653;rs981707651;C;T;gnomAD Exomes,gnomAD Genomes;PASS;PASS;ENST00000243347.3;p.Arg172Cys;p.Arg172Cys;c.514C>T;missense_variant;;;;4;282706;0.000014148974553069267;0;0;1;24964;0;0;0;35434;0;0;0;10370;0;0;0;19954;0;0;0;25094;0;0;3;129050;0;0;0;7224;0;0;0;30616;0;0
2;152226654;rs780367746;G;A;gnomAD Exomes;PASS;NA;ENST00000243347.3;p.Arg172His;p.Arg172His;c.515G>A;missense_variant;;;;3;251336;0.000011936212878377947;0;0;0;16256;0;0;0;34592;0;0;0;10080;0;0;0;18392;0;0;0;21624;0;0;1;113640;0;0;0;6136;0;0;2;30616;0;0
2;152226672;rs1472041501;T;C;gnomAD Exomes,gnomAD Genomes;PASS;PASS;ENST00000243347.3;p.Leu178Ser;p.Leu178Ser;c.533T>C;missense_variant;;;;4;282778;0.000014145371987919852;0;0;0;24974;0;0;3;35438;0;0;0;10370;0;0;0;19954;0;0;0;25110;0;0;0;129092;0;0;1;7224;0;0;0;30616;0;0
2;152226676;rs1156453547;T;A;gnomAD Exomes;PASS;NA;ENST00000243347.3;p.Asp179Glu;p.Asp179Glu;c.537T>A;missense_variant;;;;1;251378;0.000003978072862382547;0;0;1;16256;0;0;0;34588;0;0;0;10080;0;0;0;18394;0;0;0;21642;0;0;0;113668;0;0;0;6134;0;0;0;30616;0;0
2;152226680;rs1028157279;G;T;gnomAD Exomes;PASS;NA;ENST00000243347.3;p.Asp181Tyr;p.Asp181Tyr;c.541G>T;missense_variant;;;;1;251372;0.000003978167815031109;0;0;1;16256;0;0;0;34586;0;0;0;10080;0;0;0;18394;0;0;0;21636;0;0;0;113668;0;0;0;6136;0;0;0;30616;0;0
2;152226686;rs769208574;G;A;gnomAD Exomes;PASS;NA;ENST00000243347.3;p.Glu183Lys;p.Glu183Lys;c.547G>A;missense_variant;;;;1;251384;0.00000397797791426662;0;0;0;16256;0;0;0;34588;0;0;0;10080;0;0;0;18394;0;0;0;21638;0;0;0;113676;0;0;0;6136;0;0;1;30616;0;0
2;152226689;rs776955823;G;A;gnomAD Exomes;PASS;NA;ENST00000243347.3;p.Asp184Asn;p.Asp184Asn;c.550G>A;missense_variant;;;;1;251392;0.00000397785132382892;0;0;0;16256;0;0;1;34588;0;0;0;10080;0;0;0;18394;0;0;0;21640;0;0;0;113682;0;0;0;6136;0;0;0;30616;0;0
2;152226693;rs762203306;A;G;gnomAD Exomes,gnomAD Genomes;PASS;PASS;ENST00000243347.3;p.Asp185Gly;p.Asp185Gly;c.554A>G;missense_variant;;;;5;282808;0.00001767983932562021;0;0;0;24968;0;0;0;35434;0;0;0;10370;0;0;0;19954;0;0;5;25118;0;0;0;129124;0;0;0;7224;0;0;0;30616;0;0
2;152226696;rs769648795;C;G;gnomAD Exomes;PASS;NA;ENST00000243347.3;p.Pro186Arg;p.Pro186Arg;c.557C>G;missense_variant;;;;1;251372;0.000003978167815031109;0;0;0;16256;0;0;0;34588;0;0;0;10080;0;0;0;18394;0;0;0;21630;0;0;1;113672;0;0;0;6136;0;0;0;30616;0;0
2;152226698;rs563382038;G;A;gnomAD Exomes,gnomAD Genomes;PASS;PASS;ENST00000243347.3;p.Gly187Ser;p.Gly187Ser;c.559G>A;missense_variant;;;;7;282764;0.000024755626600274433;0;0;2;24964;0;0;3;35432;0;0;0;10370;0;0;0;19954;0;0;0;25112;0;0;0;129094;0;0;2;7222;0;0;0;30616;0;0
2;152226707;rs1351383907;G;C;gnomAD Exomes;PASS;NA;ENST00000243347.3;p.Ala190Pro;p.Ala190Pro;c.568G>C;missense_variant;;;;1;251392;0.00000397785132382892;0;0;0;16256;0;0;0;34588;0;0;0;10080;0;0;1;18394;0;0;0;21636;0;0;0;113688;0;0;0;6134;0;0;0;30616;0;0
2;152226713;rs762880468;T;G;gnomAD Exomes;PASS;NA;ENST00000243347.3;p.Tyr192Asp;p.Tyr192Asp;c.574T>G;missense_variant;;;;1;251394;0.000003977819677478381;0;0;0;16256;0;0;1;34586;0;0;0;10080;0;0;0;18394;0;0;0;21636;0;0;0;113692;0;0;0;6134;0;0;0;30616;0;0
2;152226714;rs1305075536;A;G;gnomAD Exomes;PASS;NA;ENST00000243347.3;p.Tyr192Cys;p.Tyr192Cys;c.575A>G;missense_variant;;;;1;251390;0.000003977882970683003;0;0;1;16256;0;0;0;34586;0;0;0;10080;0;0;0;18394;0;0;0;21638;0;0;0;113686;0;0;0;6134;0;0;0;30616;0;0
2;152226719;rs766487949;G;C;gnomAD Exomes;PASS;NA;ENST00000243347.3;p.Glu194Gln;p.Glu194Gln;c.580G>C;missense_variant;;;;4;251388;0.000015911658472162552;0;0;0;16256;0;0;0;34586;0;0;0;10078;0;0;0;18394;0;0;0;21632;0;0;3;113690;0;0;1;6136;0;0;0;30616;0;0
2;152226725;rs1210482350;T;C;gnomAD Exomes;PASS;NA;ENST00000243347.3;p.Tyr196His;p.Tyr196His;c.586T>C;missense_variant;;;;1;251382;0.00000397800956313499;0;0;0;16256;0;0;0;34586;0;0;0;10080;0;0;0;18394;0;0;0;21632;0;0;0;113684;0;0;0;6134;0;0;1;30616;0;0
2;152226731;rs1484636494;A;G;gnomAD Exomes;PASS;NA;ENST00000243347.3;p.Ser198Gly;p.Ser198Gly;c.592A>G;missense_variant;;;;1;251374;0.000003978136163644609;0;0;0;16256;0;0;1;34578;0;0;0;10080;0;0;0;18394;0;0;0;21634;0;0;0;113684;0;0;0;6132;0;0;0;30616;0;0
2;152226734;rs764178747;T;G;gnomAD Exomes;PASS;NA;ENST00000243347.3;p.Tyr199Asp;p.Tyr199Asp;c.595T>G;missense_variant;;;;1;251358;0.000003978389388839822;0;0;0;16256;0;0;0;34582;0;0;0;10080;0;0;0;18394;0;0;0;21622;0;0;1;113676;0;0;0;6132;0;0;0;30616;0;0
2;152226737;rs757108830;G;A;gnomAD Exomes,gnomAD Genomes;PASS;PASS;ENST00000243347.3;p.Asp200Asn;p.Asp200Asn;c.598G>A;missense_variant;;;;7;282724;0.00002475912904458058;0;0;0;24966;0;0;0;35426;0;0;0;10370;0;0;0;19950;0;0;0;25090;0;0;5;129088;0;0;1;7220;0;0;1;30614;0;0
2;152226740;rs143338696;G;T;gnomAD Exomes;PASS;NA;ENST00000243347.3;p.Asp201Tyr;p.Asp201Tyr;c.601G>T;missense_variant;;;;3;251324;0.000011936782798300202;0;0;0;16256;0;0;0;34576;0;0;0;10078;0;0;0;18392;0;0;0;21612;0;0;3;113664;0;0;0;6132;0;0;0;30614;0;0
2;152226747;rs140582548;A;G;gnomAD Exomes,gnomAD Genomes;PASS;PASS;ENST00000243347.3;p.His203Arg;p.His203Arg;c.608A>G;missense_variant;;;;3;282712;0.000010611505701915731;0;0;2;24966;0;0;0;35424;0;0;0;10368;0;0;0;19952;0;0;0;25092;0;0;0;129076;0;0;1;7218;0;0;0;30616;0;0
2;152226747;rs140582548;A;T;gnomAD Exomes;PASS;NA;ENST00000243347.3;p.His203Leu;p.His203Leu;c.608A>T;missense_variant;;;;1;251316;0.000003979054258383867;0;0;0;16256;0;0;0;34576;0;0;0;10078;0;0;0;18392;0;0;0;21616;0;0;1;113652;0;0;0;6130;0;0;0;30616;0;0
2;152230065;rs749666169;A;G;gnomAD Exomes;PASS;NA;ENST00000243347.3;p.Tyr209Cys;p.Tyr209Cys;c.626A>G;missense_variant;;;;2;225864;0.000008854886126164418;0;0;0;14828;0;0;1;27510;0;0;0;9368;0;0;0;15926;0;0;0;21310;0;0;0;105822;0;0;1;5234;0;0;0;25866;0;0
2;152230073;rs771155983;G;A;gnomAD Exomes,gnomAD Genomes;PASS;PASS;ENST00000243347.3;p.Asp212Asn;p.Asp212Asn;c.634G>A;missense_variant;;;;2;260358;0.00000768173054025611;0;0;2;23684;0;0;0;29184;0;0;0;9812;0;0;0;17824;0;0;0;24826;0;0;0;122172;0;0;0;6414;0;0;0;26442;0;0
2;152230079;rs1321757669;C;T;gnomAD Exomes;PASS;NA;ENST00000243347.3;p.Leu214Phe;p.Leu214Phe;c.640C>T;missense_variant;;;;1;230078;0.000004346352106676866;0;0;0;15018;0;0;0;28728;0;0;0;9538;0;0;0;16346;0;0;0;21402;0;0;1;107030;0;0;0;5354;0;0;0;26662;0;0
2;152230088;rs774746995;G;A;gnomAD Exomes;PASS;NA;ENST00000243347.3;p.Asp217Asn;p.Asp217Asn;c.649G>A;missense_variant;;;;5;228838;0.000021849517999632927;0;0;0;15008;0;0;0;28336;0;0;0;9418;0;0;0;16362;0;0;0;21388;0;0;0;106760;0;0;0;5340;0;0;5;26226;0;0
2;152235888;rs75295519;G;A;gnomAD Exomes,gnomAD Genomes;PASS;PASS;ENST00000243347.3;p.Met225Ile;p.Met225Ile;c.675G>A;missense_variant;;;;3746;255762;0.014646429102055818;101;0;31;23592;1;0;695;28124;14;0;11;9252;0;0;1643;17588;71;0;812;24630;12;0;378;120890;1;0;76;6454;1;0;100;25232;1;0
2;152235890;rs1398683081;C;G;gnomAD Exomes;PASS;NA;ENST00000243347.3;p.Thr226Ser;p.Thr226Ser;c.677C>G;missense_variant;;;;1;232784;0.000004295827891951337;0;0;0;15182;0;0;0;29880;0;0;0;9418;0;0;1;16688;0;0;0;21332;0;0;0;107892;0;0;0;5600;0;0;0;26792;0;0
2;152235896;rs769731044;A;G;gnomAD Exomes,gnomAD Genomes;PASS;PASS;ENST00000243347.3;p.Lys228Arg;p.Lys228Arg;c.683A>G;missense_variant;;;;2;267550;0.000007475238273219959;0;0;0;24044;0;0;0;31624;0;0;0;9904;0;0;0;18494;0;0;0;24862;0;0;2;124300;0;0;0;6788;0;0;0;27534;0;0
2;152235898;rs773044528;T;G;gnomAD Exomes;PASS;NA;ENST00000243347.3;p.Phe229Val;p.Phe229Val;c.685T>G;missense_variant;;;;3;239312;0.000012535936350872502;0;0;0;15468;0;0;0;31672;0;0;0;9752;0;0;0;17180;0;0;0;21456;0;0;3;109824;0;0;0;5786;0;0;0;28174;0;0
2;152235911;rs752022542;C;G;gnomAD Exomes;PASS;NA;ENST00000243347.3;p.Ala233Gly;p.Ala233Gly;c.698C>G;missense_variant;;;;2;241276;0.000008289262089888757;0;0;0;15526;0;0;0;32220;0;0;0;9790;0;0;0;17392;0;0;0;21458;0;0;0;110508;0;0;0;5874;0;0;2;28508;0;0
2;152235931;rs1043531162;T;C;gnomAD Exomes;PASS;NA;ENST00000243347.3;p.Phe240Leu;p.Phe240Leu;c.718T>C;missense_variant;;;;1;247248;0.000004044522099268751;0;0;0;15834;0;0;0;33680;0;0;0;9974;0;0;0;17892;0;0;0;21554;0;0;1;112160;0;0;0;6010;0;0;0;30144;0;0
2;152235934;rs770715241;C;G;gnomAD Exomes;PASS;NA;ENST00000243347.3;p.Gln241Glu;p.Gln241Glu;c.721C>G;missense_variant;;;;1;245674;0.0000040704348038457465;0;0;1;15652;0;0;0;33414;0;0;0;9946;0;0;0;17662;0;0;0;21520;0;0;0;111476;0;0;0;5956;0;0;0;30048;0;0
2;152235952;rs774196085;A;G;gnomAD Exomes;PASS;NA;ENST00000243347.3;p.Met247Val;p.Met247Val;c.739A>G;missense_variant;;;;1;246200;0.000004061738424045492;0;0;0;15710;0;0;0;33414;0;0;0;9960;0;0;0;17770;0;0;0;21520;0;0;1;111768;0;0;0;5962;0;0;0;30096;0;0
2;152235959;rs767208447;C;A;gnomAD Exomes,gnomAD Genomes;PASS;PASS;ENST00000243347.3;p.Pro249His;p.Pro249His;c.746C>A;missense_variant;;;;6;276102;0.000021731099376317446;0;0;0;24294;0;0;6;33990;0;0;0;10232;0;0;0;19206;0;0;0;24908;0;0;0;126584;0;0;0;6992;0;0;0;29896;0;0
2;152235965;rs1337129553;C;G;gnomAD Genomes;NA;PASS;ENST00000243347.3;p.Ser251Cys;p.Ser251Cys;c.752C>G;missense_variant;;;;1;31166;0.00003208624783417827;0;0;0;8674;0;0;0;842;0;0;0;288;0;0;1;1558;0;0;0;3416;0;0;0;15306;0;0;0;1082;0;0;0;0;0;0
2;152235974;rs760138076;G;A;gnomAD Exomes,gnomAD Genomes;PASS;PASS;ENST00000243347.3;p.Ser254Asn;p.Ser254Asn;c.761G>A;missense_variant;;;;2;270054;0.000007405926222162975;0;0;0;23702;0;0;0;33094;0;0;0;10090;0;0;0;18564;0;0;0;24632;0;0;2;124310;0;0;0;6826;0;0;0;28836;0;0
2;152235977;rs764614306;A;G;gnomAD Exomes;PASS;NA;ENST00000243347.3;p.Gln255Arg;p.Gln255Arg;c.764A>G;missense_variant;;;;1;245140;0.000004079301623562046;0;0;0;15736;0;0;0;33208;0;0;0;9922;0;0;0;17836;0;0;0;21500;0;0;1;111482;0;0;0;5948;0;0;0;29508;0;0
2;152235978;rs1183183577;A;C;gnomAD Exomes;PASS;NA;ENST00000243347.3;p.Gln255His;p.Gln255His;c.765A>C;missense_variant;;;;2;245222;0.000008155875084617203;0;0;0;15758;0;0;0;33214;0;0;0;9934;0;0;0;17876;0;0;0;21496;0;0;0;111460;0;0;0;5964;0;0;2;29520;0;0
2;152235980;rs754315587;G;A;gnomAD Exomes,gnomAD Genomes;PASS;PASS;ENST00000243347.3;p.Gly256Glu;p.Gly256Glu;c.767G>A;missense_variant;;;;14;267996;0.00005223958566545769;0;0;2;23712;0;0;3;32712;0;0;0;10034;0;0;0;18278;0;0;0;24476;0;0;8;123492;0;0;1;6744;0;0;0;28548;0;0
2;152235988;rs1363376468;A;T;gnomAD Exomes;PASS;NA;ENST00000243347.3;p.Thr259Ser;p.Thr259Ser;c.775A>T;missense_variant;;;;1;243648;0.00000410428158655109;0;0;0;15654;0;0;0;32782;0;0;0;9886;0;0;0;17812;0;0;0;21482;0;0;1;111106;0;0;0;5902;0;0;0;29024;0;0
2;152235989;rs1468470122;C;T;gnomAD Exomes;PASS;NA;ENST00000243347.3;p.Thr259Ile;p.Thr259Ile;c.776C>T;missense_variant;;;;1;238348;0.0000041955460083575274;0;0;0;15094;0;0;0;31918;0;0;0;9756;0;0;0;16942;0;0;0;21362;0;0;1;108902;0;0;0;5698;0;0;0;28676;0;0
2;152235991;rs757631554;A;G;gnomAD Exomes;PASS;NA;ENST00000243347.3;p.Ser260Gly;p.Ser260Gly;c.778A>G;missense_variant;;;;4;239418;0.000016707181582003022;0;0;0;15534;0;0;0;31704;0;0;0;9694;0;0;4;17548;0;0;0;21416;0;0;0;109866;0;0;0;5808;0;0;0;27848;0;0
2;152235991;rs757631554;A;T;gnomAD Exomes;PASS;NA;ENST00000243347.3;p.Ser260Cys;p.Ser260Cys;c.778A>T;missense_variant;;;;2;239418;0.000008353590791001511;0;0;0;15534;0;0;0;31704;0;0;0;9694;0;0;0;17548;0;0;0;21416;0;0;2;109866;0;0;0;5808;0;0;0;27848;0;0
2;152235995;rs149283868;C;T;gnomAD Exomes,gnomAD Genomes;PASS;PASS;ENST00000243347.3;p.Thr261Ile;p.Thr261Ile;c.782C>T;missense_variant;;;;31;261682;0.00011846439571693888;0;0;31;23644;0;0;0;30496;0;0;0;9624;0;0;0;18328;0;0;0;24544;0;0;0;122014;0;0;0;6614;0;0;0;26418;0;0
2;152235997;rs371407882;A;G;gnomAD Exomes;PASS;NA;ENST00000243347.3;p.Thr262Ala;p.Thr262Ala;c.784A>G;missense_variant;;;;5;225568;0.000022166264718399772;0;0;5;14910;0;0;0;27804;0;0;0;8966;0;0;0;16480;0;0;0;21096;0;0;0;105614;0;0;0;5402;0;0;0;25296;0;0
2;152235997;rs371407882;A;T;gnomAD Exomes;PASS;NA;ENST00000243347.3;p.Thr262Ser;p.Thr262Ser;c.784A>T;missense_variant;;;;3;225568;0.000013299758831039863;0;0;0;14910;0;0;0;27804;0;0;0;8966;0;0;0;16480;0;0;0;21096;0;0;3;105614;0;0;0;5402;0;0;0;25296;0;0
2;152236004;rs1327849249;C;A;gnomAD Exomes;PASS;NA;ENST00000243347.3;p.Thr264Asn;p.Thr264Asn;c.791C>A;missense_variant;;;;3;212768;0.000014099864641299444;0;0;0;14034;0;0;0;24810;0;0;0;8486;0;0;0;15080;0;0;0;20746;0;0;3;100940;0;0;0;4928;0;0;0;23744;0;0
2;152236016;rs768628817;A;T;gnomAD Exomes;PASS;NA;ENST00000243347.3;p.Asn268Ile;p.Asn268Ile;c.803A>T;missense_variant;;;;3;209766;0.000014301650410457367;0;0;0;13982;0;0;0;24136;0;0;0;8184;0;0;0;14946;0;0;0;20588;0;0;0;99974;0;0;0;4750;0;0;3;23206;0;0
2;152236018;rs777695934;T;G;gnomAD Exomes;PASS;NA;ENST00000243347.3;p.Phe269Val;p.Phe269Val;c.805T>G;missense_variant;;;;2;205722;0.00000972185765256025;0;0;0;13694;0;0;0;23272;0;0;0;7972;0;0;0;14570;0;0;0;20462;0;0;2;98428;0;0;0;4606;0;0;0;22718;0;0
2;152236036;rs1344419277;A;C;gnomAD Exomes,gnomAD Genomes;PASS;PASS;ENST00000243347.3;p.Ser275Arg;p.Ser275Arg;c.823A>C;missense_variant;;;lcr;3;183718;0.000016329374367236744;0;0;1;19202;0;0;0;16826;0;0;0;4872;0;0;0;12056;0;0;0;19774;0;0;2;91094;0;0;0;4072;0;0;0;15822;0;0
2;152236040;rs749216110;A;C;gnomAD Exomes;PASS;NA;ENST00000243347.3;p.His276Pro;p.His276Pro;c.827A>C;missense_variant;;;lcr;18;131634;0.00013674278681799536;0;0;2;10258;0;0;0;14002;0;0;2;3074;0;0;0;9452;0;0;4;13930;0;0;9;66782;0;0;0;2548;0;0;1;11588;0;0
2;152236045;rs753982588;T;A;gnomAD Genomes;NA;PASS;ENST00000243347.3;p.Ter278LysextTer6;p.Ter278LysextTer6;c.832T>A;stop_lost;;;lcr;42;24548;0.001710933680951605;0;0;7;7370;0;0;0;526;0;0;0;256;0;0;0;1472;0;0;8;1450;0;0;24;12698;0;0;3;776;0;0;0;0;0;0
2;152236047;rs1453508269;A;T;gnomAD Exomes;PASS;NA;ENST00000243347.3;p.Ter278TyrextTer6;p.Ter278TyrextTer6;c.834A>T;stop_lost;;;lcr;5;78158;0.0000639729778141713;0;0;0;5220;0;0;2;5880;0;0;1;2296;0;0;0;5896;0;0;0;7670;0;0;1;41574;0;0;1;1534;0;0;0;8088;0;0